Nome,Tipo,Livello,Città,Paese,Sito,Mesi call,Storico,Note
World Press Photo,premio,1,Amsterdam,Paesi Bassi,https://www.worldpressphoto.org,nov-gen,,
Magnum Foundation,grant,1,New York,USA,https://www.magnumfoundation.org,,,
Cortona On The Move,festival,1,Cortona,Italia,https://www.cortonaonthemove.com,,,
Fotografia Europea,festival,1,Reggio Emilia,Italia,https://www.fotografiaeuropea.it,,,
CAMERA – Centro Italiano per la Fotografia,istituzione,1,Torino,Italia,https://camera.to,,,
Futures Photography,piattaforma,1,Amsterdam,Paesi Bassi,https://www.futures-photography.com,,,
"Ministero della Cultura – DGCC (Strategia Fotografia, Italian Council)",ente pubblico,1,Roma,Italia,https://creativitacontemporanea.cultura.gov.it,,,
Culture Moves Europe,grant,1,Bruxelles,UE,https://culture.ec.europa.eu,,,
MAST Foundation,fondazione,1,Bologna,Italia,https://www.mast.org,,,MAST Photography Grant
Terna – Premio Driving Energy,premio,1,Roma,Italia,,,,Sito da verificare
Arte Laguna Prize,premio,2,Venezia,Italia,https://www.artelagunaprize.com,,,
SI FEST,festival,2,Savignano sul Rubicone,Italia,https://www.sifest.it,,,
Festival della Fotografia Etica,festival,2,Lodi,Italia,https://www.festivaldellafotografiaetica.it,,,
Premio Fabbri,premio,2,Pieve di Soligo,Italia,https://www.premiofabbri.it,,,
PhotoIreland,festival,2,Dublino,Irlanda,https://photoireland.org,,,
Siena International Photo Awards,premio,2,Siena,Italia,,,,Sito da verificare
Fondazione CRT,fondazione,2,Torino,Italia,https://www.fondazionecrt.it,,,
Fondazione Cariplo,fondazione,2,Milano,Italia,https://www.fondazionecariplo.it,,,
Fondazione con il Sud,fondazione,2,Roma,Italia,https://www.fondazioneconilsud.it,,,
SIAE – Per chi crea,bando pubblico,2,Roma,Italia,https://perchicrea.siae.it,,,
Fondazione Sicilia,fondazione,2,Palermo,Italia,https://www.fondazionesicilia.it,,,
Farm Cultural Park,residenza,2,Favara,Italia,https://www.farmculturalpark.com,,,
Palermofoto,festival,2,Palermo,Italia,https://www.palermofoto.it,,,
LensCulture,premio,2,,Mondo,https://www.lensculture.com,,,
